fidelity,material_identifier,guide_relative_speed_m_s,longitudinal_pitch_m,ripple_frequency_hz,ripple_flux_density_amplitude_t,section_thickness_m,electrical_resistivity_ohm_m,relative_permeability,skin_depth_m,thickness_to_skin_depth_ratio,classical_eddy_loss_density_w_m3,thin_section_valid,source_frequency_domain_supported,assumptions,warnings
LOSS-L1,vacoflux_50,11498.995015331288,10.0,1149.8995015331288,0.01,0.001,4.2e-07,1.0,0.009618665767962482,0.10396452315983006,517.8678807884111,True,,Ripple is B(s)=DeltaB sin(2 pi s/lambda) sampled at constant guide-relative speed. | The supplied relative permeability is a study input at the ripple condition. | Thin-section loss uses pi^2 Bp^2 t^2 f^2/(6 rho).,"The smooth transverse guide gradient is separated from prescribed longitudinal sinusoidal ripple. | Classical eddy loss excludes hysteresis, anomalous loss, temperature rise, and 3-D geometry."
LOSS-L1,vacoflux_50,11498.995015331288,1.0,11498.995015331288,0.01,0.001,4.2e-07,1.0,0.0030416891878654088,0.3287646890383886,51786.7880788411,False,,Ripple is B(s)=DeltaB sin(2 pi s/lambda) sampled at constant guide-relative speed. | The supplied relative permeability is a study input at the ripple condition. | Thin-section loss uses pi^2 Bp^2 t^2 f^2/(6 rho).,"The smooth transverse guide gradient is separated from prescribed longitudinal sinusoidal ripple. | Classical eddy loss excludes hysteresis, anomalous loss, temperature rise, and 3-D geometry. | Section thickness exceeds 0.3 skin depth; the uniform-flux thin-section eddy approximation is invalid."
LOSS-L1,vacoflux_50,11498.995015331288,0.1,114989.95015331286,0.01,0.001,4.2e-07,1.0,0.0009618665767962483,1.0396452315983005,5178678.807884109,False,,Ripple is B(s)=DeltaB sin(2 pi s/lambda) sampled at constant guide-relative speed. | The supplied relative permeability is a study input at the ripple condition. | Thin-section loss uses pi^2 Bp^2 t^2 f^2/(6 rho).,"The smooth transverse guide gradient is separated from prescribed longitudinal sinusoidal ripple. | Classical eddy loss excludes hysteresis, anomalous loss, temperature rise, and 3-D geometry. | Section thickness exceeds 0.3 skin depth; the uniform-flux thin-section eddy approximation is invalid."
LOSS-L1,tdk_n87,11498.995015331288,10.0,1149.8995015331288,0.01,0.0005,10.0,2200.0,1.0006422783484243,0.0004996790669541345,5.437612748278316e-06,True,False,Ripple is B(s)=DeltaB sin(2 pi s/lambda) sampled at constant guide-relative speed. | The supplied relative permeability is a study input at the ripple condition. | Thin-section loss uses pi^2 Bp^2 t^2 f^2/(6 rho).,"The smooth transverse guide gradient is separated from prescribed longitudinal sinusoidal ripple. | Classical eddy loss excludes hysteresis, anomalous loss, temperature rise, and 3-D geometry. | Ripple frequency lies outside the source preferred frequency range; no manufacturer core-loss value is extrapolated."
LOSS-L1,tdk_n87,11498.995015331288,1.0,11498.995015331288,0.01,0.0005,10.0,2200.0,0.3164308722641212,0.0015801239506828392,0.0005437612748278315,True,False,Ripple is B(s)=DeltaB sin(2 pi s/lambda) sampled at constant guide-relative speed. | The supplied relative permeability is a study input at the ripple condition. | Thin-section loss uses pi^2 Bp^2 t^2 f^2/(6 rho).,"The smooth transverse guide gradient is separated from prescribed longitudinal sinusoidal ripple. | Classical eddy loss excludes hysteresis, anomalous loss, temperature rise, and 3-D geometry. | Ripple frequency lies outside the source preferred frequency range; no manufacturer core-loss value is extrapolated."
LOSS-L1,tdk_n87,11498.995015331288,0.1,114989.95015331286,0.01,0.0005,10.0,2200.0,0.10006422783484245,0.004996790669541344,0.05437612748278315,True,True,Ripple is B(s)=DeltaB sin(2 pi s/lambda) sampled at constant guide-relative speed. | The supplied relative permeability is a study input at the ripple condition. | Thin-section loss uses pi^2 Bp^2 t^2 f^2/(6 rho).,"The smooth transverse guide gradient is separated from prescribed longitudinal sinusoidal ripple. | Classical eddy loss excludes hysteresis, anomalous loss, temperature rise, and 3-D geometry."
LOSS-L1,superpower_ap_4mm,11498.995015331288,10.0,1149.8995015331288,0.01,9e-05,,,,,,,False,Ripple frequency is reported without an REBCO loss model.,Detailed REBCO external-field AC loss is unresolved; no loss is inferred from the 77 K self-field current range.
LOSS-L1,superpower_ap_4mm,11498.995015331288,1.0,11498.995015331288,0.01,9e-05,,,,,,,False,Ripple frequency is reported without an REBCO loss model.,Detailed REBCO external-field AC loss is unresolved; no loss is inferred from the 77 K self-field current range.
LOSS-L1,superpower_ap_4mm,11498.995015331288,0.1,114989.95015331286,0.01,9e-05,,,,,,,False,Ripple frequency is reported without an REBCO loss model.,Detailed REBCO external-field AC loss is unresolved; no loss is inferred from the 77 K self-field current range.
